{
  "zeroshot_faq_bot": {
    "all_remote": {
      "walker_level": {
        "jsorc_benchmark_start": {
          "_default_": {
            "throughput": 0.016517214171186807,
            "average_latency": 0.12731552124023438,
            "50th_latency": 0.12731552124023438,
            "90th_latency": 0.12731552124023438,
            "95th_latency": 0.12731552124023438,
            "99th_latency": 0.12731552124023438
          },
          "all": {
            "throughput": 0.016517214171186807,
            "average_latency": 0.12731552124023438,
            "50th_latency": 0.12731552124023438,
            "90th_latency": 0.12731552124023438,
            "95th_latency": 0.12731552124023438,
            "99th_latency": 0.12731552124023438
          }
        },
        "jsorc_actionstracking_start": {
          "_default_": {
            "throughput": 0.016517214171186807,
            "average_latency": 0.09250640869140625,
            "50th_latency": 0.09250640869140625,
            "90th_latency": 0.09250640869140625,
            "95th_latency": 0.09250640869140625,
            "99th_latency": 0.09250640869140625
          },
          "all": {
            "throughput": 0.016517214171186807,
            "average_latency": 0.09250640869140625,
            "50th_latency": 0.09250640869140625,
            "90th_latency": 0.09250640869140625,
            "95th_latency": 0.09250640869140625,
            "99th_latency": 0.09250640869140625
          }
        },
        "walker_run": {
          "zeroshot_faq_bot": {
            "throughput": 1.6186869887763071,
            "average_latency": 612.5639871675141,
            "50th_latency": 574.9926567077637,
            "90th_latency": 624.1952180862427,
            "95th_latency": 630.1637530326842,
            "99th_latency": 783.1788325309786
          },
          "all": {
            "throughput": 1.6186869887763071,
            "average_latency": 612.5639871675141,
            "50th_latency": 574.9926567077637,
            "90th_latency": 624.1952180862427,
            "95th_latency": 630.1637530326842,
            "99th_latency": 783.1788325309786
          }
        }
      },
      "action_level": [
        {
          "ts": 1668779129.8139465,
          "actions_calls": {
            "text_seg.get_segments": 0.36203504581840673,
            "use.answer_encode": 0.12359558562843168,
            "use.question_encode": 0.07079242200267558,
            "use.cos_sim_score": 0.00580685344142438
          }
        }
      ]
    },
    "all_local": {
      "walker_level": {
        "jsorc_benchmark_start": {
          "_default_": {
            "throughput": 0.016582566976626835,
            "average_latency": 0.09036064147949219,
            "50th_latency": 0.09036064147949219,
            "90th_latency": 0.09036064147949219,
            "95th_latency": 0.09036064147949219,
            "99th_latency": 0.09036064147949219
          },
          "all": {
            "throughput": 0.016582566976626835,
            "average_latency": 0.09036064147949219,
            "50th_latency": 0.09036064147949219,
            "90th_latency": 0.09036064147949219,
            "95th_latency": 0.09036064147949219,
            "99th_latency": 0.09036064147949219
          }
        },
        "jsorc_actionstracking_start": {
          "_default_": {
            "throughput": 0.016582566976626835,
            "average_latency": 0.09083747863769531,
            "50th_latency": 0.09083747863769531,
            "90th_latency": 0.09083747863769531,
            "95th_latency": 0.09083747863769531,
            "99th_latency": 0.09083747863769531
          },
          "all": {
            "throughput": 0.016582566976626835,
            "average_latency": 0.09083747863769531,
            "50th_latency": 0.09083747863769531,
            "90th_latency": 0.09083747863769531,
            "95th_latency": 0.09083747863769531,
            "99th_latency": 0.09083747863769531
          }
        },
        "walker_run": {
          "zeroshot_faq_bot": {
            "throughput": 1.6748392646393102,
            "average_latency": 591.7709369470577,
            "50th_latency": 553.5142421722412,
            "90th_latency": 623.0573654174805,
            "95th_latency": 655.0006866455078,
            "99th_latency": 670.6042289733887
          },
          "all": {
            "throughput": 1.6748392646393102,
            "average_latency": 591.7709369470577,
            "50th_latency": 553.5142421722412,
            "90th_latency": 623.0573654174805,
            "95th_latency": 655.0006866455078,
            "99th_latency": 670.6042289733887
          }
        }
      },
      "action_level": [
        {
          "ts": 1668779222.059531,
          "actions_calls": {
            "text_seg.get_segments": 0.3957941201653811,
            "use.answer_encode": 0.12087549549518245,
            "use.question_encode": 0.07065892691659455,
            "use.cos_sim_score": 0.00010073093166708028
          }
        }
      ]
    },
    "evaluation": {
      "walker_level": {
        "jsorc_benchmark_start": {
          "_default_": {
            "throughput": 0.016235989799582587,
            "average_latency": 0.1010894775390625,
            "50th_latency": 0.1010894775390625,
            "90th_latency": 0.1010894775390625,
            "95th_latency": 0.1010894775390625,
            "99th_latency": 0.1010894775390625
          },
          "all": {
            "throughput": 0.016235989799582587,
            "average_latency": 0.1010894775390625,
            "50th_latency": 0.1010894775390625,
            "90th_latency": 0.1010894775390625,
            "95th_latency": 0.1010894775390625,
            "99th_latency": 0.1010894775390625
          }
        },
        "jsorc_actionstracking_start": {
          "_default_": {
            "throughput": 0.016235989799582587,
            "average_latency": 0.11229515075683594,
            "50th_latency": 0.11229515075683594,
            "90th_latency": 0.11229515075683594,
            "95th_latency": 0.11229515075683594,
            "99th_latency": 0.11229515075683594
          },
          "all": {
            "throughput": 0.016235989799582587,
            "average_latency": 0.11229515075683594,
            "50th_latency": 0.11229515075683594,
            "90th_latency": 0.11229515075683594,
            "95th_latency": 0.11229515075683594,
            "99th_latency": 0.11229515075683594
          }
        },
        "walker_run": {
          "zeroshot_faq_bot": {
            "throughput": 0.35719177559081694,
            "average_latency": 2790.795673023571,
            "50th_latency": 1166.8118238449097,
            "90th_latency": 4709.270119667055,
            "95th_latency": 6018.606638908385,
            "99th_latency": 19576.728239059434
          },
          "all": {
            "throughput": 0.35719177559081694,
            "average_latency": 2790.795673023571,
            "50th_latency": 1166.8118238449097,
            "90th_latency": 4709.270119667055,
            "95th_latency": 6018.606638908385,
            "99th_latency": 19576.728239059434
          }
        }
      },
      "action_level": [
        {
          "ts": 1668779314.5357857,
          "actions_calls": {
            "text_seg.get_segments": 2.0202677626358834,
            "use.answer_encode": 0.27092281140779195,
            "use.question_encode": 0.15345065217269094,
            "use.cos_sim_score": 0.015081288521749931
          }
        },
        {
          "ts": 1668779363.9011703,
          "actions_state": {
            "text_seg": {
              "mode": "module",
              "module": {
                "name": "jaseci_ai_kit.text_seg"
              },
              "local": {
                "path": null
              },
              "remote": {
                "status": "READY",
                "url": "http://text-seg/"
              }
            },
            "use_qa": {
              "mode": "module",