{
  "zeroshot_faq_bot": {
    "evaluation": {
      "walker_level": {
        "jsorc_benchmark_start": {
          "_default_": {
            "throughput": 0.0033332714489664084,
            "average_latency": 0.07963180541992188,
            "50th_latency": 0.07963180541992188,
            "90th_latency": 0.07963180541992188,
            "95th_latency": 0.07963180541992188,
            "99th_latency": 0.07963180541992188
          },
          "all": {
            "throughput": 0.0033332714489664084,
            "average_latency": 0.07963180541992188,
            "50th_latency": 0.07963180541992188,
            "90th_latency": 0.07963180541992188,
            "95th_latency": 0.07963180541992188,
            "99th_latency": 0.07963180541992188
          }
        },
        "jsorc_actionstracking_start": {
          "_default_": {
            "throughput": 0.0033332714489664084,
            "average_latency": 0.07867813110351562,
            "50th_latency": 0.07867813110351562,
            "90th_latency": 0.07867813110351562,
            "95th_latency": 0.07867813110351562,
            "99th_latency": 0.07867813110351562
          },
          "all": {
            "throughput": 0.0033332714489664084,
            "average_latency": 0.07867813110351562,
            "50th_latency": 0.07867813110351562,
            "90th_latency": 0.07867813110351562,
            "95th_latency": 0.07867813110351562,
            "99th_latency": 0.07867813110351562
          }
        },
        "walker_run": {
          "zeroshot_faq_bot": {
            "throughput": 1.4166403658107236,
            "average_latency": 687.7060951906092,
            "50th_latency": 596.4303016662598,
            "90th_latency": 756.8435668945315,
            "95th_latency": 935.7275962829582,
            "99th_latency": 2267.1677112579346
          },
          "all": {
            "throughput": 1.4166403658107236,
            "average_latency": 687.7060951906092,
            "50th_latency": 596.4303016662598,
            "90th_latency": 756.8435668945315,
            "95th_latency": 935.7275962829582,
            "99th_latency": 2267.1677112579346
          }
        }
      },
      "action_level": [
        {
          "ts": 1668690055.0243015,
          "actions_calls": {
            "text_seg.get_segments": 0.4920188391750509,
            "use.answer_encode": 0.11649974096905101,
            "use.question_encode": 0.05510553768702916,
            "use.cos_sim_score": 0.00829106194632394
          }
        },
        {
          "ts": 1668690191.0501454,
          "actions_state": {
            "text_seg": {
              "mode": "module",
              "module": {
                "name": "jaseci_ai_kit.text_seg"
              },
              "local": {
                "path": null
              },
              "remote": {
                "status": "READY",
                "url": "http://text-seg/"
              }
            },
            "use_qa": {
              "mode": "module",
              "module": {
                "name": "jaseci_ai_kit.use_qa"
              },
              "local": {
                "path": null
              },
              "remote": {
                "status": "READY",
                "url": "http://use-qa/"
              }
            }
          },
          "actions_calls": {
            "use.question_encode": 0.1445316351377047,
            "use.cos_sim_score": 0.00012252065870496962,
            "text_seg.get_segments": 0.4094454844792684,
            "use.answer_encode": 0.25436190764109295
          }
        },
        {
          "ts": 1668690201.0631557,
          "actions_state": {
            "text_seg": {
              "mode": "module",
              "module": {
                "name": "jaseci_ai_kit.text_seg"
              },
              "local": {
                "path": null
              },
              "remote": {
                "status": "READY",
                "url": "http://text-seg/"
              }
            },
            "use_qa": {
              "mode": "remote",
              "module": {
                "name": "jaseci_ai_kit.use_qa"
              },
              "local": {
                "path": null
              },
              "remote": {
                "status": "READY",
                "url": "http://use-qa/"
              }
            }
          },
          "actions_calls": {
            "text_seg.get_segments": 0.3930909182574298,
            "use.answer_encode": 0.12741328574515678,
            "use.question_encode": 0.06385858638866528,
            "use.cos_sim_score": 0.010461304638836835
          }
        },
        {
          "ts": 1668690226.9063513,
          "actions_state": {
            "text_seg": {
              "mode": "remote",
              "module": {
                "name": "jaseci_ai_kit.text_seg"
              },
              "local": {
                "path": null
              },
              "remote": {
                "status": "READY",
                "url": "http://text-seg/"
              }
            },
            "use_qa": {
              "mode": "module",
              "module": {
                "name": "jaseci_ai_kit.use_qa"
              },
              "local": {
                "path": null
              },
              "remote": {
                "status": "READY",
                "url": "http://use-qa/"
              }
            }
          },
          "actions_calls": {
            "text_seg.get_segments": 0.3638317584991455,
            "use.answer_encode": 0.23335643609364828,
            "use.question_encode": 0.16340319315592447,
            "use.cos_sim_score": 0.00010033448537190755
          }
        },
        {
          "ts": 1668690236.9264092,
          "actions_state": {
            "text_seg": {
              "mode": "remote",
              "module": {
                "name": "jaseci_ai_kit.text_seg"
              },
              "local": {
                "path": null
              },
              "remote": {
                "status": "READY",
                "url": "http://text-seg/"
              }
            },
            "use_qa": {
              "mode": "remote",
              "module": {
                "name": "jaseci_ai_kit.use_qa"
              },
              "local": {
                "path": null
              },
              "remote": {
                "status": "READY",
                "url": "http://use-qa/"
              }
            }
          },
          "actions_calls": {}
        },
        {
          "ts": 1668690368.4285328,
          "actions_state": {
            "text_seg": {
              "mode": "module",
              "module": {
                "name": "jaseci_ai_kit.text_seg"
              },
              "local": {
                "path": null
              },
              "remote": {
                "status": "STARTING",
                "url": "http://text-seg/"
              }
            },
            "use_qa": {
              "mode": "module",
              "module": {
                "name": "jaseci_ai_kit.use_qa"
              },
              "local": {
                "path": null
              },
              "remote": {
                "url": null,
                "status": null
              }
            }
          },
          "actions_calls": {}
        },
        {
          "ts": 1668690379.4766767,
          "actions_state": {
            "text_seg": {
              "mode": "module",
              "module": {
                "name": "jaseci_ai_kit.text_seg"
              },
              "local": {
                "path": null
              },
              "remote": {
                "status": "STARTING",
                "url": "http://text-seg/"
              }
            },
            "use_qa": {
              "mode": "module",
              "module": {
                "name": "jaseci_ai_kit.use_qa"
              },